x(cm)  ,T(t=0) ,T(t=0.1) ,T(t=0.2) ,T(t=0.3) ,T(t=0.4) ,T(t=0.5) 
0  ,149,149,149,149,149,149
0.05  ,131.16,147.973,148.274,148.407,148.488,148.546
0.1  ,113.7,146.947,147.548,147.815,147.976,148.092
0.15  ,96.9839,145.92,146.822,147.222,147.465,147.638
0.2  ,81.3479,144.894,146.096,146.63,146.953,147.184
0.25  ,67.0877,143.869,145.371,146.038,146.441,146.731
0.3  ,54.4471,142.844,144.646,145.445,145.93,146.277
0.35  ,43.61,141.82,143.921,144.853,145.419,145.823
0.4  ,34.6944,140.798,143.196,144.262,144.907,145.37
0.45  ,27.7499,139.776,142.472,143.67,144.396,144.916
0.5  ,22.7578,138.755,141.748,143.079,143.885,144.463
0.55  ,19.6344,137.736,141.024,142.487,143.374,144.01
0.6  ,18.2365,136.718,140.302,141.897,142.864,143.557
0.65  ,18.3699,135.702,139.579,141.306,142.353,143.104
0.7  ,19.8,134.688,138.858,140.716,141.843,142.651
0.75  ,22.2627,133.676,138.137,140.126,141.333,142.198
0.8  ,25.4779,132.665,137.417,139.537,140.824,141.746
0.85  ,29.1614,131.657,136.697,138.948,140.314,141.294
0.9  ,33.038,130.651,135.979,138.359,139.805,140.842
0.95  ,36.8527,129.648,135.261,137.771,139.297,140.391
1  ,40.3807,128.647,134.544,137.184,138.788,139.939
1.05  ,43.4356,127.649,133.828,136.597,138.28,139.488
1.1  ,45.8753,126.653,133.113,136.01,137.773,139.037
1.15  ,47.6054,125.661,132.4,135.424,137.265,138.587
1.2  ,48.5804,124.672,131.687,134.839,136.758,138.137
1.25  ,48.8019,123.685,130.975,134.254,136.252,137.687
1.3  ,48.3151,122.703,130.265,133.67,135.746,137.237
1.35  ,47.2032,121.723,129.556,133.087,135.24,136.788
1.4  ,45.5798,120.747,128.848,132.505,134.735,136.339
1.45  ,43.5805,119.775,128.142,131.923,134.231,135.891
1.5  ,41.3541,118.807,127.436,131.342,133.727,135.443
1.55  ,39.0528,117.842,126.733,130.761,133.223,134.995
1.6  ,36.8235,116.882,126.031,130.182,132.72,134.548
1.65  ,34.8,115.925,125.33,129.603,132.218,134.101
1.7  ,33.0952,114.973,124.631,129.025,131.716,133.655
1.75  ,31.7966,114.025,123.933,128.449,131.215,133.209
1.8  ,30.9621,113.082,123.237,127.873,130.714,132.764
1.85  ,30.6184,112.143,122.543,127.298,130.214,132.319
1.9  ,30.761,111.209,121.85,126.723,129.715,131.874
1.95  ,31.3559,110.279,121.16,126.15,129.216,131.43
2  ,32.3436,109.355,120.471,125.578,128.718,130.987
2.05  ,33.6434,108.435,119.784,125.007,128.221,130.544
2.1  ,35.1594,107.521,119.098,124.437,127.725,130.102
2.15  ,36.7872,106.611,118.415,123.868,127.229,129.66
2.2  ,38.4201,105.707,117.734,123.3,126.734,129.219
2.25  ,39.956,104.808,117.055,122.734,126.239,128.778
2.3  ,41.3031,103.915,116.377,122.168,125.746,128.338
2.35  ,42.3853,103.027,115.702,121.604,125.253,127.899
2.4  ,43.1459,102.144,115.029,121.041,124.761,127.46
2.45  ,43.5503,101.268,114.358,120.479,124.27,127.022
146.731  ,43.5874,100.397,113.69,119.918,123.78,126.585
7.368e-320  ,43.269,99.5319,113.023,119.358,123.29,126.148
4.78394e-310  ,42.6286,98.6728,112.359,118.8,122.802,125.712
4.78394e-310  ,41.7183,97.8196,111.697,118.243,122.314,125.277
4.78394e-310  ,40.6051,96.9725,111.038,117.688,121.828,124.842
4.78394e-310  ,39.3659,96.1315,110.381,117.134,121.342,124.408
4.78394e-310  ,38.0829,95.2967,109.726,116.581,120.857,123.975
4.78394e-310  ,36.838,94.4682,109.074,116.03,120.373,123.542
4.78394e-310  ,35.7082,93.646,108.424,115.48,119.89,123.111
4.78394e-310  ,34.7604,92.8302,107.777,114.931,119.408,122.68
4.78394e-310  ,34.0482,92.0208,107.133,114.384,118.927,122.249
4.78394e-310  ,33.6089,91.218,106.491,113.838,118.448,121.82
4.78394e-310  ,33.4614,90.4216,105.851,113.294,117.969,121.391
4.78394e-310  ,33.6059,89.6319,105.215,112.752,117.491,120.964
4.78394e-310  ,34.0244,88.8489,104.58,112.211,117.014,120.537
4.78394e-310  ,34.6825,88.0725,103.949,111.671,116.539,120.111
4.78394e-310  ,35.5317,87.303,103.321,111.133,116.064,119.685
4.78394e-310  ,36.5131,86.5402,102.695,110.597,115.59,119.261
4.78394e-310  ,37.5611,85.7842,102.072,110.063,115.118,118.837
4.78394e-310  ,38.6079,85.0351,101.452,109.53,114.647,118.415
4.78394e-310  ,39.5877,84.293,100.835,108.998,114.177,117.993
4.78394e-310  ,40.4405,83.5578,100.22,108.469,113.708,117.572
4.78394e-310  ,41.1162,82.8295,99.6088,107.941,113.24,117.152
4.78394e-310  ,41.5768,82.1083,99.0004,107.414,112.774,116.733
4.78394e-310  ,41.7989,81.3942,98.3949,106.89,112.309,116.315
4.78394e-310  ,41.7747,80.687,97.7924,106.367,111.845,115.898
4.78394e-310  ,41.5117,79.987,97.193,105.846,111.382,115.482
4.78394e-310  ,41.0327,79.2941,96.5966,105.327,110.92,115.067
4.78394e-310  ,40.373,78.6084,96.0033,104.81,110.46,114.653
4.78394e-310  ,39.5786,77.9298,95.4131,104.294,110.001,114.24
4.78394e-310  ,38.7029,77.2583,94.826,103.78,109.543,113.828
4.78394e-310  ,37.803,76.5941,94.242,103.269,109.087,113.417
4.78394e-310  ,36.9361,75.937,93.6613,102.759,108.631,113.007
4.78394e-310  ,36.1563,75.2871,93.0837,102.251,108.178,112.598
4.78394e-310  ,35.5108,74.6445,92.5094,101.744,107.725,112.19
4.78394e-310  ,35.0374,74.009,91.9382,101.24,107.274,111.783
4.78394e-310  ,34.762,73.3808,91.3704,100.738,106.824,111.377
4.78394e-310  ,34.6979,72.7598,90.8058,100.238,106.376,110.972
4.78394e-310  ,34.8446,72.146,90.2445,99.7393,105.929,110.569
4.78394e-310  ,35.1883,71.5394,89.6865,99.243,105.484,110.166
4.78394e-310  ,35.7033,70.9401,89.1319,98.7486,105.04,109.765
4.78394e-310  ,36.3534,70.3479,88.5806,98.2563,104.597,109.365
4.78394e-310  ,37.095,69.763,88.0326,97.766,104.156,108.966
4.78394e-310  ,37.8791,69.1852,87.4881,97.2778,103.716,108.568
4.78394e-310  ,38.6556,68.6146,86.9469,96.7916,103.278,108.171
4.78394e-310  ,39.3754,68.0512,86.4091,96.3075,102.841,107.776
4.78394e-310  ,39.9942,67.4949,85.8748,95.8255,102.406,107.381
4.78394e-310  ,40.4748,66.9458,85.3439,95.3456,101.972,106.988
4.78394e-310  ,40.7893,66.4037,84.8165,94.8678,101.54,106.596
4.78394e-310  ,40.9211,65.8688,84.2925,94.3921,101.109,106.205
4.78394e-310  ,40.8651,65.3409,83.772,93.9186,100.68,105.816
4.78394e-310  ,40.6283,64.8201,83.255,93.4473,100.252,105.428
4.78394e-310  ,40.229,64.3063,82.7415,92.9781,99.8258,105.041
4.78394e-310  ,39.6952,63.7995,82.2315,92.5111,99.4012,104.655
4.78394e-310  ,39.0631,63.2997,81.725,92.0462,98.9783,104.27
4.78394e-310  ,38.3744,62.8068,81.2221,91.5836,98.5569,103.887
4.78394e-310  ,37.6737,62.3208,80.7227,91.1232,98.1372,103.505
4.78394e-310  ,37.0055,61.8417,80.2268,90.665,97.7191,103.125
4.78394e-310  ,36.4115,61.3694,79.7345,90.2091,97.3026,102.745
4.78394e-310  ,35.9282,60.9039,79.2458,89.7554,96.8877,102.367
4.78394e-310  ,35.5842,60.4453,78.7607,89.3039,96.4745,101.991
4.78394e-310  ,35.3991,59.9933,78.2791,88.8548,96.063,101.615
4.78394e-310  ,35.3821,59.548,77.8011,88.4079,95.6531,101.241
4.78394e-310  ,35.5316,59.1094,77.3267,87.9632,95.2449,100.869
4.78394e-310  ,35.8355,58.6774,76.8559,87.5209,94.8383,100.498
4.78394e-310  ,36.2721,58.252,76.3887,87.0809,94.4335,100.128
4.78394e-310  ,36.8118,57.833,75.925,86.6432,94.0304,99.7591
4.78394e-310  ,37.4189,57.4206,75.465,86.2079,93.629,99.392
4.78394e-310  ,38.0538,57.0146,75.0086,85.7748,93.2293,99.0264
4.78394e-310  ,38.6759,56.615,74.5559,85.3441,92.8314,98.6621
4.78394e-310  ,39.2461,56.2217,74.1067,84.9158,92.4352,98.2992
4.78394e-310  ,39.7288,55.8348,73.6611,84.4898,92.0408,97.9378
4.78394e-310  ,40.0949,55.454,73.2192,84.0662,91.6481,97.5778
4.78394e-310  ,40.3228,55.0795,72.7809,83.645,91.2572,97.2192
4.78394e-310  ,40.3999,54.7111,72.3462,83.2261,90.8681,96.8622
4.78394e-310  ,40.3235,54.3488,71.9151,82.8096,90.4807,96.5065
4.78394e-310  ,40.1005,53.9925,71.4876,82.3955,90.0952,96.1524
4.78394e-310  ,39.7471,53.6422,71.0637,81.9838,89.7115,95.7997
4.78394e-310  ,39.2875,53.2978,70.6435,81.5745,89.3295,95.4485
4.78394e-310  ,38.7521,52.9593,70.2268,81.1677,88.9494,95.0988
4.78394e-310  ,38.176,52.6267,69.8138,80.7632,88.5712,94.7506
4.78394e-310  ,37.5961,52.2998,69.4043,80.3612,88.1947,94.404
4.78394e-310  ,37.0494,51.9786,68.9985,79.9616,87.8201,94.0588
4.78394e-310  ,36.57,51.663,68.5962,79.5645,87.4474,93.7152
4.78394e-310  ,36.1876,51.353,68.1976,79.1697,87.0765,93.3731
4.78394e-310  ,35.9251,51.0486,67.8025,78.7775,86.7075,93.0326
4.78394e-310  ,35.7976,50.7497,67.411,78.3876,86.3404,92.6936
4.78394e-310  ,35.8118,50.4561,67.0231,78.0003,85.9751,92.3562
4.78394e-310  ,35.9648,50.1679,66.6387,77.6154,85.6117,92.0203
4.78394e-310  ,36.2453,49.885,66.258,77.2329,85.2503,91.6861
4.78394e-310  ,36.6341,49.6074,65.8807,76.8529,84.8907,91.3534
4.78394e-310  ,37.1051,49.3349,65.507,76.4754,84.533,91.0223
4.78394e-310  ,37.6276,49.0675,65.1369,76.1004,84.1773,90.6928
4.78394e-310  ,38.1677,48.8052,64.7702,75.7278,83.8235,90.3649
4.78394e-310  ,38.6911,48.5479,64.4071,75.3577,83.4716,90.0386
4.78394e-310  ,39.1646,48.2955,64.0475,74.9901,83.1216,89.714
4.78394e-310  ,39.5588,48.048,63.6914,74.625,82.7736,89.3909
4.78394e-310  ,39.8495,47.8053,63.3389,74.2624,82.4275,89.0695
4.78394e-310  ,40.0195,47.5674,62.9897,73.9023,82.0834,88.7498
4.78394e-310  ,40.0592,47.3341,62.6441,73.5446,81.7412,88.4317
4.78394e-310  ,39.9676,47.1055,62.3019,73.1895,81.4011,88.1152
4.78394e-310  ,39.7518,46.8814,61.9632,72.8368,81.0628,87.8005
4.78394e-310  ,39.4269,46.6618,61.6279,72.4867,80.7266,87.4873
4.78394e-310  ,39.0146,46.4467,61.296,72.139,80.3923,87.1759
4.78394e-310  ,38.542,46.2359,60.9676,71.7938,80.06,86.8662
4.78394e-310  ,38.0398,46.0295,60.6425,71.4512,79.7298,86.5581
4.78394e-310  ,37.5401,45.8273,60.3208,71.111,79.4015,86.2517
4.78394e-310  ,37.0746,45.6293,60.0026,70.7733,79.0752,85.9471
4.78394e-310  ,36.6725,45.4354,59.6876,70.4382,78.7509,85.6441
4.78394e-310  ,36.3589,45.2457,59.3761,70.1055,78.4287,85.3429
4.78394e-310  ,36.1526,45.0599,59.0678,69.7754,78.1084,85.0433
4.78394e-310  ,36.0659,44.8781,58.7629,69.4477,77.7902,84.7456
4.78394e-310  ,36.103,44.7002,58.4613,69.1226,77.474,84.4495
4.78394e-310  ,36.2604,44.5261,58.163,68.7999,77.1598,84.1552
4.78394e-310  ,36.527,44.3557,57.8679,68.4798,76.8477,83.8626
4.78394e-310  ,36.8849,44.1891,57.5762,68.1621,76.5376,83.5718
4.78394e-310  ,37.3105,44.0262,57.2876,67.8469,76.2295,83.2827
4.78394e-310  ,37.7761,43.8668,57.0023,67.5343,75.9235,82.9954
4.78394e-310  ,38.2518,43.711,56.7202,67.2241,75.6196,82.7099
4.78394e-310  ,38.7073,43.5587,56.4414,66.9165,75.3177,82.4261
4.78394e-310  ,39.1138,43.4098,56.1657,66.6113,75.0178,82.1442
4.78394e-310  ,39.4459,43.2642,55.8931,66.3086,74.7201,81.864
4.78394e-310  ,39.6832,43.122,55.6237,66.0084,74.4243,81.5856
4.78394e-310  ,39.8113,42.983,55.3575,65.7107,74.1307,81.309
4.78394e-310  ,39.8231,42.8472,55.0943,65.4155,73.8391,81.0342
4.78394e-310  ,39.7188,42.7145,54.8343,65.1227,73.5496,80.7612
4.78394e-310  ,39.5059,42.5849,54.5773,64.8325,73.2622,80.49
4.78394e-310  ,39.1989,42.4584,54.3234,64.5447,72.9769,80.2207
4.78394e-310  ,38.8181,42.3348,54.0725,64.2594,72.6937,79.9531
4.78394e-310  ,38.3883,42.2142,53.8247,63.9766,72.4125,79.6874
4.78394e-310  ,37.9371,42.0964,53.5798,63.6962,72.1335,79.4235
4.78394e-310  ,37.4934,41.9814,53.338,63.4183,71.8565,79.1615
4.78394e-310  ,37.0855,41.8692,53.0991,63.1429,71.5816,78.9013
4.78394e-310  ,36.7388,41.7597,52.8632,62.8699,71.3089,78.643
4.78394e-310  ,36.4751,41.6529,52.6302,62.5994,71.0382,78.3865
4.78394e-310  ,36.3104,41.5487,52.4001,62.3313,70.7696,78.1318
4.78394e-310  ,36.2545,41.447,52.1729,62.0657,70.5032,77.8791
4.78394e-310  ,36.3101,41.3478,51.9486,61.8025,70.2388,77.6281
4.78394e-310  ,36.4729,41.2512,51.7272,61.5418,69.9766,77.3791
4.78394e-310  ,36.7318,41.1569,51.5086,61.2835,69.7165,77.132
4.78394e-310  ,37.0696,41.065,51.2928,61.0277,69.4585,76.8867
4.78394e-310  ,37.4642,40.9754,51.0798,60.7742,69.2026,76.6433
4.78394e-310  ,37.8903,40.888,50.8696,60.5232,68.9489,76.4018
4.78394e-310  ,38.3203,40.8029,50.6621,60.2747,68.6972,76.1622
4.78394e-310  ,38.7271,40.72,50.4574,60.0285,68.4477,75.9244
4.78394e-310  ,39.0848,40.6392,50.2554,59.7847,68.2003,75.6886
4.78394e-310  ,39.3711,40.5606,50.0561,59.5434,67.9551,75.4547
4.78394e-310  ,39.5682,40.4839,49.8595,59.3044,67.712,75.2227
4.78394e-310  ,39.6641,40.4093,49.6655,59.0679,67.471,74.9926
4.78394e-310  ,39.6534,40.3366,49.4742,58.8337,67.2321,74.7645
4.78394e-310  ,39.5375,40.2658,49.2855,58.602,66.9954,74.5382
4.78394e-310  ,39.3244,40.1969,49.0994,58.3726,66.7608,74.3139
4.78394e-310  ,39.0282,40.1299,48.9158,58.1456,66.5283,74.0915
4.78394e-310  ,38.6684,40.0646,48.7349,57.9209,66.298,73.871
4.78394e-310  ,38.2682,40.0011,48.5564,57.6987,66.0699,73.6525
4.78394e-310  ,37.8534,39.9393,48.3805,57.4788,65.8438,73.4359
4.78394e-310  ,37.4503,39.8792,48.2071,57.2612,65.6199,73.2213
4.78394e-310  ,37.0846,39.8208,48.0362,57.046,65.3982,73.0086
4.78394e-310  ,36.7794,39.7639,47.8677,56.8332,65.1786,72.7978
4.78394e-310  ,36.5536,39.7087,47.7017,56.6227,64.9611,72.589
4.78394e-310  ,36.4213,39.6549,47.5381,56.4145,64.7458,72.3822
4.78394e-310  ,36.3903,39.6027,47.3769,56.2086,64.5326,72.1773
4.78394e-310  ,36.462,39.5519,47.218,56.0051,64.3216,71.9744
4.78394e-310  ,36.6314,39.5025,47.0616,55.8039,64.1127,71.7735
4.78394e-310  ,36.887,39.4545,46.9074,55.605,63.906,71.5745
4.78394e-310  ,37.2121,39.4079,46.7556,55.4084,63.7014,71.3775
4.78394e-310  ,37.5858,39.3626,46.6061,55.2141,63.499,71.1825
4.78394e-310  ,37.9839,39.3187,46.4588,55.0221,63.2987,70.9894
4.78394e-310  ,38.381,39.2759,46.3139,54.8324,63.1006,70.7984
4.78394e-310  ,38.7517,39.2345,46.1711,54.645,62.9046,70.6093
4.78394e-310  ,39.0727,39.1942,46.0306,54.4599,62.7108,70.4222
4.78394e-310  ,39.3238,39.1551,45.8923,54.277,62.5191,70.2371
4.78394e-310  ,39.4893,39.1171,45.7561,54.0964,62.3296,70.054
4.78394e-310  ,39.559,39.0803,45.6222,53.918,62.1423,69.8729
4.78394e-310  ,39.5291,39.0445,45.4903,53.7419,61.9571,69.6938
4.78394e-310  ,39.4019,39.0099,45.3606,53.5681,61.774,69.5167
4.78394e-310  ,39.1859,38.9762,45.233,53.3964,61.5931,69.3416
4.78394e-310  ,38.8953,38.9436,45.1075,53.2271,61.4143,69.1685
4.78394e-310  ,38.5489,38.9119,44.9841,53.0599,61.2377,68.9974
4.78394e-310  ,38.1692,38.8812,44.8627,52.895,61.0633,68.8283
4.78394e-310  ,37.7803,38.8515,44.7433,52.7323,60.891,68.6612
4.78394e-310  ,37.407,38.8226,44.6259,52.5718,60.7209,68.4962
4.78394e-310  ,37.0732,38.7946,44.5106,52.4135,60.5529,68.3332
4.78394e-310  ,36.7999,38.7675,44.3972,52.2574,60.3871,68.1722
4.78394e-310  ,36.6042,38.7412,44.2858,52.1035,60.2234,68.0132
4.78394e-310  ,36.4983,38.7158,44.1763,51.9518,60.0619,67.8562
4.78394e-310  ,36.4886,38.6911,44.0687,51.8023,59.9025,67.7013
4.78394e-310  ,36.5752,38.6673,43.963,51.6549,59.7453,67.5484
4.78394e-310  ,36.7523,38.6441,43.8593,51.5097,59.5902,67.3976
4.78394e-310  ,37.0084,38.6217,43.7573,51.3667,59.4373,67.2487
4.78394e-310  ,37.3266,38.6,43.6573,51.2258,59.2866,67.102
4.78394e-310  ,37.6866,38.5791,43.5591,51.0871,59.138,66.9572
4.78394e-310  ,38.0653,38.5587,43.4627,50.9505,58.9915,66.8145
4.78394e-310  ,38.4384,38.5391,43.3681,50.8161,58.8472,66.6738
4.78394e-310  ,38.7822,38.5201,43.2752,50.6838,58.7051,66.5352
4.78394e-310  ,39.075,38.5017,43.1842,50.5536,58.5651,66.3986
4.78394e-310  ,39.2982,38.4839,43.0949,50.4256,58.4272,66.2641
4.78394e-310  ,39.4378,38.4666,43.0074,50.2996,58.2915,66.1316
4.78394e-310  ,39.4853,38.45,42.9215,50.1758,58.158,66.0012
4.78394e-310  ,39.4379,38.4339,42.8374,50.0541,58.0266,65.8728
4.78394e-310  ,39.299,38.4184,42.7549,49.9345,57.8973,65.7465
4.78394e-310  ,39.0776,38.4033,42.6742,49.817,57.7702,65.6223
4.78394e-310  ,38.7883,38.3888,42.5951,49.7016,57.6453,65.5001
4.78394e-310  ,38.4495,38.3748,42.5176,49.5882,57.5225,65.3799
4.78394e-310  ,38.0831,38.3612,42.4418,49.477,57.4018,65.2619
4.78394e-310  ,37.7124,38.3481,42.3676,49.3678,57.2833,65.1458
4.78394e-310  ,37.3612,38.3355,42.295,49.2606,57.167,65.0319
4.78394e-310  ,37.0517,38.3233,42.2239,49.1556,57.0527,64.92
4.78394e-310  ,36.8036,38.3115,42.1545,49.0526,56.9407,64.8102
4.78394e-310  ,36.6325,38.3002,42.0866,48.9516,56.8308,64.7025
4.78394e-310  ,36.549,38.2892,42.0203,48.8527,56.723,64.5968
4.78394e-310  ,36.5583,38.2787,41.9555,48.7559,56.6173,64.4932
4.78394e-310  ,36.6596,38.2685,41.8922,48.6611,56.5139,64.3916
4.78394e-310  ,36.8461,38.2587,41.8304,48.5683,56.4125,64.2922
4.78394e-310  ,37.1058,38.2492,41.7701,48.4775,56.3133,64.1948
4.78394e-310  ,37.4219,38.2401,41.7113,48.3888,56.2162,64.0995
4.78394e-310  ,37.7742,38.2313,41.654,48.3021,56.1213,64.0063
4.78394e-310  ,38.14,38.2229,41.5981,48.2174,56.0285,63.9151
4.78394e-310  ,38.4961,38.2147,41.5437,48.1347,55.9379,63.8261
4.78394e-310  ,38.8198,38.2069,41.4908,48.054,55.8494,63.7391
4.78394e-310  ,39.0904,38.1994,41.4392,47.9753,55.7631,63.6542
4.78394e-310  ,39.291,38.1921,41.3891,47.8987,55.6788,63.5714
4.78394e-310  ,39.4087,38.1852,41.3403,47.824,55.5968,63.4906
4.78394e-310  ,39.4363,38.1785,41.293,47.7513,55.5168,63.412
4.78394e-310  ,39.3722,38.1721,41.2471,47.6806,55.439,63.3354
4.78394e-310  ,39.2207,38.1659,41.2025,47.6119,55.3634,63.2609
4.78394e-310  ,38.9915,38.16,41.1593,47.5451,55.2898,63.1885
4.78394e-310  ,38.6995,38.1544,41.1174,47.4803,55.2185,63.1182
4.78394e-310  ,38.3633,38.149,41.0769,47.4176,55.1492,63.05
4.78394e-310  ,38.0045,38.1438,41.0378,47.3567,55.0821,62.9839
4.78394e-310  ,37.646,38.1388,40.9999,47.2979,55.0171,62.9199
4.78394e-310  ,37.3106,38.1341,40.9634,47.241,54.9543,62.858
4.78394e-310  ,37.0198,38.1295,40.9282,47.186,54.8935,62.7981
4.78394e-310  ,36.7919,38.1252,40.8943,47.133,54.835,62.7404
4.78394e-310  ,36.6414,38.1211,40.8617,47.082,54.7785,62.6847
4.78394e-310  ,36.5779,38.1172,40.8304,47.0329,54.7242,62.6312
4.78394e-310  ,36.6052,38.1134,40.8004,46.9858,54.672,62.5797
4.78394e-310  ,36.7215,38.1099,40.7716,46.9406,54.622,62.5303
4.78394e-310  ,36.9193,38.1065,40.7442,46.8973,54.5741,62.483
4.78394e-310  ,37.1859,38.1033,40.718,46.856,54.5283,62.4379
4.78394e-310  ,37.5041,38.1003,40.693,46.8167,54.4846,62.3948
4.78394e-310  ,37.8537,38.0975,40.6693,46.7792,54.4431,62.3538
4.78394e-310  ,38.2123,38.0948,40.6469,46.7437,54.4037,62.3149
4.78394e-310  ,38.5569,38.0923,40.6256,46.7101,54.3665,62.2782
4.78394e-310  ,38.8658,38.09,40.6057,46.6785,54.3314,62.2435
4.78394e-310  ,39.1191,38.0878,40.5869,46.6488,54.2984,62.2109
4.78394e-310  ,39.3007,38.0857,40.5694,46.621,54.2675,62.1804
4.78394e-310  ,39.3992,38.0838,40.5532,46.5951,54.2388,62.152
4.78394e-310  ,39.4083,38.0821,40.5381,46.5712,54.2121,62.1258
4.78394e-310  ,39.3274,38.0805,40.5242,46.5491,54.1877,62.1016
4.78394e-310  ,39.1618,38.0791,40.5116,46.529,54.1653,62.0795
4.78394e-310  ,38.9221,38.0778,40.5002,46.5109,54.1451,62.0595
4.78394e-310  ,38.6237,38.0766,40.49,46.4946,54.127,62.0416
4.78394e-310  ,38.2855,38.0756,40.481,46.4802,54.111,62.0259
4.78394e-310  ,37.9293,38.0747,40.4732,46.4678,54.0972,62.0122
4.78394e-310  ,37.5776,38.074,40.4666,46.4573,54.0855,62.0006
4.78394e-310  ,37.253,38.0734,40.4612,46.4487,54.0759,61.9912
4.78394e-310  ,36.9762,38.0729,40.457,46.442,54.0685,61.9838
4.78394e-310  ,36.7649,38.0726,40.454,46.4372,54.0632,61.9786
4.78394e-310  ,36.6324,38.0724,40.4522,46.4343,54.06,61.9754
4.78394e-310  ,36.5873,38.0723,40.4516,46.4334,54.0589,61.9744
4.78394e-310  ,36.6324,38.0724,40.4522,46.4343,54.06,61.9754
4.78394e-310  ,36.7649,38.0726,40.454,46.4372,54.0632,61.9786
4.78394e-310  ,36.9762,38.0729,40.457,46.442,54.0685,61.9838
4.78394e-310  ,37.253,38.0734,40.4612,46.4487,54.0759,61.9912
4.78394e-310  ,37.5776,38.074,40.4666,46.4573,54.0855,62.0006
4.78394e-310  ,37.9293,38.0747,40.4732,46.4678,54.0972,62.0122
4.78394e-310  ,38.2855,38.0756,40.481,46.4802,54.111,62.0259
4.78394e-310  ,38.6237,38.0766,40.49,46.4946,54.127,62.0416
4.78394e-310  ,38.9221,38.0778,40.5002,46.5109,54.1451,62.0595
4.78394e-310  ,39.1618,38.0791,40.5116,46.529,54.1653,62.0795
4.78394e-310  ,39.3274,38.0805,40.5242,46.5491,54.1877,62.1016
4.78394e-310  ,39.4083,38.0821,40.5381,46.5712,54.2121,62.1258
4.78394e-310  ,39.3992,38.0838,40.5532,46.5951,54.2388,62.152
4.78394e-310  ,39.3007,38.0857,40.5694,46.621,54.2675,62.1804
4.78394e-310  ,39.1191,38.0878,40.5869,46.6488,54.2984,62.2109
4.78394e-310  ,38.8658,38.09,40.6057,46.6785,54.3314,62.2435
4.78394e-310  ,38.5569,38.0923,40.6256,46.7101,54.3665,62.2782
4.78394e-310  ,38.2123,38.0948,40.6469,46.7437,54.4037,62.3149
4.78394e-310  ,37.8537,38.0975,40.6693,46.7792,54.4431,62.3538
4.78394e-310  ,37.5041,38.1003,40.693,46.8167,54.4846,62.3948
4.78394e-310  ,37.1859,38.1033,40.718,46.856,54.5283,62.4379
4.78394e-310  ,36.9193,38.1065,40.7442,46.8973,54.5741,62.483
4.78394e-310  ,36.7215,38.1099,40.7716,46.9406,54.622,62.5303
4.78394e-310  ,36.6052,38.1134,40.8004,46.9858,54.672,62.5797
4.78394e-310  ,36.5779,38.1172,40.8304,47.0329,54.7242,62.6312
4.78394e-310  ,36.6414,38.1211,40.8617,47.082,54.7785,62.6847
4.78394e-310  ,36.7919,38.1252,40.8943,47.133,54.835,62.7404
4.78394e-310  ,37.0198,38.1295,40.9282,47.186,54.8935,62.7981
4.78394e-310  ,37.3106,38.1341,40.9634,47.241,54.9543,62.858
4.78394e-310  ,37.646,38.1388,40.9999,47.2979,55.0171,62.9199
4.78394e-310  ,38.0045,38.1438,41.0378,47.3567,55.0821,62.9839
4.78394e-310  ,38.3633,38.149,41.0769,47.4176,55.1492,63.05
4.78394e-310  ,38.6995,38.1544,41.1174,47.4803,55.2185,63.1182
4.78394e-310  ,38.9915,38.16,41.1593,47.5451,55.2898,63.1885
4.78394e-310  ,39.2207,38.1659,41.2025,47.6119,55.3634,63.2609
4.78394e-310  ,39.3722,38.1721,41.2471,47.6806,55.439,63.3354
4.78394e-310  ,39.4363,38.1785,41.293,47.7513,55.5168,63.412
4.78394e-310  ,39.4087,38.1852,41.3403,47.824,55.5968,63.4906
4.78394e-310  ,39.291,38.1921,41.3891,47.8987,55.6788,63.5714
4.78394e-310  ,39.0904,38.1994,41.4392,47.9753,55.7631,63.6542
4.78394e-310  ,38.8198,38.2069,41.4908,48.054,55.8494,63.7391
4.78394e-310  ,38.4961,38.2147,41.5437,48.1347,55.9379,63.8261
4.78394e-310  ,38.14,38.2229,41.5981,48.2174,56.0285,63.9151
4.78394e-310  ,37.7742,38.2313,41.654,48.3021,56.1213,64.0063
4.78394e-310  ,37.4219,38.2401,41.7113,48.3888,56.2162,64.0995
4.78394e-310  ,37.1058,38.2492,41.7701,48.4775,56.3133,64.1948
4.78394e-310  ,36.8461,38.2587,41.8304,48.5683,56.4125,64.2922
4.78394e-310  ,36.6596,38.2685,41.8922,48.6611,56.5139,64.3916
4.78394e-310  ,36.5583,38.2787,41.9555,48.7559,56.6173,64.4932
4.78394e-310  ,36.549,38.2892,42.0203,48.8527,56.723,64.5968
4.78394e-310  ,36.6325,38.3002,42.0866,48.9516,56.8308,64.7025
4.78394e-310  ,36.8036,38.3115,42.1545,49.0526,56.9407,64.8102
4.78394e-310  ,37.0517,38.3233,42.2239,49.1556,57.0527,64.92
4.78394e-310  ,37.3612,38.3355,42.295,49.2606,57.167,65.0319
4.78394e-310  ,37.7124,38.3481,42.3676,49.3678,57.2833,65.1458
4.78394e-310  ,38.0831,38.3612,42.4418,49.477,57.4018,65.2619
4.78394e-310  ,38.4495,38.3748,42.5176,49.5882,57.5225,65.3799
4.78394e-310  ,38.7883,38.3888,42.5951,49.7016,57.6453,65.5001
4.78394e-310  ,39.0776,38.4033,42.6742,49.817,57.7702,65.6223
4.78394e-310  ,39.299,38.4184,42.7549,49.9345,57.8973,65.7465
4.78394e-310  ,39.4379,38.4339,42.8374,50.0541,58.0266,65.8728
4.78394e-310  ,39.4853,38.45,42.9215,50.1758,58.158,66.0012
4.78394e-310  ,39.4378,38.4666,43.0074,50.2996,58.2915,66.1316
4.78394e-310  ,39.2982,38.4839,43.0949,50.4256,58.4272,66.2641
4.78394e-310  ,39.075,38.5017,43.1842,50.5536,58.5651,66.3986
4.78394e-310  ,38.7822,38.5201,43.2752,50.6838,58.7051,66.5352
4.78394e-310  ,38.4384,38.5391,43.3681,50.8161,58.8472,66.6738
4.78394e-310  ,38.0653,38.5587,43.4627,50.9505,58.9915,66.8145
4.78394e-310  ,37.6866,38.5791,43.5591,51.0871,59.138,66.9572
4.78394e-310  ,37.3266,38.6,43.6573,51.2258,59.2866,67.102
4.78394e-310  ,37.0084,38.6217,43.7573,51.3667,59.4373,67.2487
4.78394e-310  ,36.7523,38.6441,43.8593,51.5097,59.5902,67.3976
4.78394e-310  ,36.5752,38.6673,43.963,51.6549,59.7453,67.5484
4.78394e-310  ,36.4886,38.6911,44.0687,51.8023,59.9025,67.7013
4.78394e-310  ,36.4983,38.7158,44.1763,51.9518,60.0619,67.8562
4.78394e-310  ,36.6042,38.7412,44.2858,52.1035,60.2234,68.0132
4.78394e-310  ,36.7999,38.7675,44.3972,52.2574,60.3871,68.1722
4.78394e-310  ,37.0732,38.7946,44.5106,52.4135,60.5529,68.3332
4.78394e-310  ,37.407,38.8226,44.6259,52.5718,60.7209,68.4962
4.78394e-310  ,37.7803,38.8515,44.7433,52.7323,60.891,68.6612
4.78394e-310  ,38.1692,38.8812,44.8627,52.895,61.0633,68.8283
4.78394e-310  ,38.5489,38.9119,44.9841,53.0599,61.2377,68.9974
4.78394e-310  ,38.8953,38.9436,45.1075,53.2271,61.4143,69.1685
4.78394e-310  ,39.1859,38.9762,45.233,53.3964,61.5931,69.3416
4.78394e-310  ,39.4019,39.0099,45.3606,53.5681,61.774,69.5167
4.78394e-310  ,39.5291,39.0445,45.4903,53.7419,61.9571,69.6938
4.78394e-310  ,39.559,39.0803,45.6222,53.918,62.1423,69.8729
4.78394e-310  ,39.4893,39.1171,45.7561,54.0964,62.3296,70.054
4.78394e-310  ,39.3238,39.1551,45.8923,54.277,62.5191,70.2371
4.78394e-310  ,39.0727,39.1942,46.0306,54.4599,62.7108,70.4222
4.78394e-310  ,38.7517,39.2345,46.1711,54.645,62.9046,70.6093
4.78394e-310  ,38.381,39.2759,46.3139,54.8324,63.1006,70.7984
4.78394e-310  ,37.9839,39.3187,46.4588,55.0221,63.2987,70.9894
4.78394e-310  ,37.5858,39.3626,46.6061,55.2141,63.499,71.1825
4.78394e-310  ,37.2121,39.4079,46.7556,55.4084,63.7014,71.3775
4.78394e-310  ,36.887,39.4545,46.9074,55.605,63.906,71.5745
4.78394e-310  ,36.6314,39.5025,47.0616,55.8039,64.1127,71.7735
4.78394e-310  ,36.462,39.5519,47.218,56.0051,64.3216,71.9744
4.78394e-310  ,36.3903,39.6027,47.3769,56.2086,64.5326,72.1773
4.78394e-310  ,36.4213,39.6549,47.5381,56.4145,64.7458,72.3822
4.78394e-310  ,36.5536,39.7087,47.7017,56.6227,64.9611,72.589
4.78394e-310  ,36.7794,39.7639,47.8677,56.8332,65.1786,72.7978
4.78394e-310  ,37.0846,39.8208,48.0362,57.046,65.3982,73.0086
4.78394e-310  ,37.4503,39.8792,48.2071,57.2612,65.6199,73.2213
4.78394e-310  ,37.8534,39.9393,48.3805,57.4788,65.8438,73.4359
4.78394e-310  ,38.2682,40.0011,48.5564,57.6987,66.0699,73.6525
4.78394e-310  ,38.6684,40.0646,48.7349,57.9209,66.298,73.871
4.78394e-310  ,39.0282,40.1299,48.9158,58.1456,66.5283,74.0915
4.78394e-310  ,39.3244,40.1969,49.0994,58.3726,66.7608,74.3139
4.78394e-310  ,39.5375,40.2658,49.2855,58.602,66.9954,74.5382
4.78394e-310  ,39.6534,40.3366,49.4742,58.8337,67.2321,74.7645
4.78394e-310  ,39.6641,40.4093,49.6655,59.0679,67.471,74.9926
4.78394e-310  ,39.5682,40.4839,49.8595,59.3044,67.712,75.2227
4.78394e-310  ,39.3711,40.5606,50.0561,59.5434,67.9551,75.4547
4.78394e-310  ,39.0848,40.6392,50.2554,59.7847,68.2003,75.6886
4.78394e-310  ,38.7271,40.72,50.4574,60.0285,68.4477,75.9244
4.78394e-310  ,38.3203,40.8029,50.6621,60.2747,68.6972,76.1622
4.78394e-310  ,37.8903,40.888,50.8696,60.5232,68.9489,76.4018
4.78394e-310  ,37.4642,40.9754,51.0798,60.7742,69.2026,76.6433
4.78394e-310  ,37.0696,41.065,51.2928,61.0277,69.4585,76.8867
4.78394e-310  ,36.7318,41.1569,51.5086,61.2835,69.7165,77.132
4.78394e-310  ,36.4729,41.2512,51.7272,61.5418,69.9766,77.3791
4.78394e-310  ,36.3101,41.3478,51.9486,61.8025,70.2388,77.6281
4.78394e-310  ,36.2545,41.447,52.1729,62.0657,70.5032,77.8791
4.78394e-310  ,36.3104,41.5487,52.4001,62.3313,70.7696,78.1318
4.78394e-310  ,36.4751,41.6529,52.6302,62.5994,71.0382,78.3865
4.78394e-310  ,36.7388,41.7597,52.8632,62.8699,71.3089,78.643
4.78394e-310  ,37.0855,41.8692,53.0991,63.1429,71.5816,78.9013
4.78394e-310  ,37.4934,41.9814,53.338,63.4183,71.8565,79.1615
4.78394e-310  ,37.9371,42.0964,53.5798,63.6962,72.1335,79.4235
4.78394e-310  ,38.3883,42.2142,53.8247,63.9766,72.4125,79.6874
4.78394e-310  ,38.8181,42.3348,54.0725,64.2594,72.6937,79.9531
4.78394e-310  ,39.1989,42.4584,54.3234,64.5447,72.9769,80.2207
4.78394e-310  ,39.5059,42.5849,54.5773,64.8325,73.2622,80.49
4.78394e-310  ,39.7188,42.7145,54.8343,65.1227,73.5496,80.7612
4.78394e-310  ,39.8231,42.8472,55.0943,65.4155,73.8391,81.0342
4.78394e-310  ,39.8113,42.983,55.3575,65.7107,74.1307,81.309
4.78394e-310  ,39.6832,43.122,55.6237,66.0084,74.4243,81.5856
4.78394e-310  ,39.4459,43.2642,55.8931,66.3086,74.7201,81.864
4.78394e-310  ,39.1138,43.4098,56.1657,66.6113,75.0178,82.1442
4.78394e-310  ,38.7073,43.5587,56.4414,66.9165,75.3177,82.4261
4.78394e-310  ,38.2518,43.711,56.7202,67.2241,75.6196,82.7099
4.78394e-310  ,37.7761,43.8668,57.0023,67.5343,75.9235,82.9954
4.78394e-310  ,37.3105,44.0262,57.2876,67.8469,76.2295,83.2827
4.78394e-310  ,36.8849,44.1891,57.5762,68.1621,76.5376,83.5718
4.78394e-310  ,36.527,44.3557,57.8679,68.4798,76.8477,83.8626
4.78394e-310  ,36.2604,44.5261,58.163,68.7999,77.1598,84.1552
4.78394e-310  ,36.103,44.7002,58.4613,69.1226,77.474,84.4495
4.78394e-310  ,36.0659,44.8781,58.7629,69.4477,77.7902,84.7456
4.78394e-310  ,36.1526,45.0599,59.0678,69.7754,78.1084,85.0433
4.78394e-310  ,36.3589,45.2457,59.3761,70.1055,78.4287,85.3429
4.78394e-310  ,36.6725,45.4354,59.6876,70.4382,78.7509,85.6441
4.78394e-310  ,37.0746,45.6293,60.0026,70.7733,79.0752,85.9471
4.78394e-310  ,37.5401,45.8273,60.3208,71.111,79.4015,86.2517
4.78394e-310  ,38.0398,46.0295,60.6425,71.4512,79.7298,86.5581
4.78394e-310  ,38.542,46.2359,60.9676,71.7938,80.06,86.8662
4.78394e-310  ,39.0146,46.4467,61.296,72.139,80.3923,87.1759
4.78394e-310  ,39.4269,46.6618,61.6279,72.4867,80.7266,87.4873
4.78394e-310  ,39.7518,46.8814,61.9632,72.8368,81.0628,87.8005
4.78394e-310  ,39.9676,47.1055,62.3019,73.1895,81.4011,88.1152
4.78394e-310  ,40.0592,47.3341,62.6441,73.5446,81.7412,88.4317
4.78394e-310  ,40.0195,47.5674,62.9897,73.9023,82.0834,88.7498
4.78394e-310  ,39.8495,47.8053,63.3389,74.2624,82.4275,89.0695
4.78394e-310  ,39.5588,48.048,63.6914,74.625,82.7736,89.3909
4.78394e-310  ,39.1646,48.2955,64.0475,74.9901,83.1216,89.714
4.78394e-310  ,38.6911,48.5479,64.4071,75.3577,83.4716,90.0386
4.78394e-310  ,38.1677,48.8052,64.7702,75.7278,83.8235,90.3649
4.78394e-310  ,37.6276,49.0675,65.1369,76.1004,84.1773,90.6928
4.78394e-310  ,37.1051,49.3349,65.507,76.4754,84.533,91.0223
4.78394e-310  ,36.6341,49.6074,65.8807,76.8529,84.8907,91.3534
4.78394e-310  ,36.2453,49.885,66.258,77.2329,85.2503,91.6861
4.78394e-310  ,35.9648,50.1679,66.6387,77.6154,85.6117,92.0203
4.78394e-310  ,35.8118,50.4561,67.0231,78.0003,85.9751,92.3562
4.78394e-310  ,35.7976,50.7497,67.411,78.3876,86.3404,92.6936
4.78394e-310  ,35.9251,51.0486,67.8025,78.7775,86.7075,93.0326
4.78394e-310  ,36.1876,51.353,68.1976,79.1697,87.0765,93.3731
4.78394e-310  ,36.57,51.663,68.5962,79.5645,87.4474,93.7152
4.78394e-310  ,37.0494,51.9786,68.9985,79.9616,87.8201,94.0588
4.78394e-310  ,37.5961,52.2998,69.4043,80.3612,88.1947,94.404
4.78394e-310  ,38.176,52.6267,69.8138,80.7632,88.5712,94.7506
4.78394e-310  ,38.7521,52.9593,70.2268,81.1677,88.9494,95.0988
4.78394e-310  ,39.2875,53.2978,70.6435,81.5745,89.3295,95.4485
4.78394e-310  ,39.7471,53.6422,71.0637,81.9838,89.7115,95.7997
4.78394e-310  ,40.1005,53.9925,71.4876,82.3955,90.0952,96.1524
4.78394e-310  ,40.3235,54.3488,71.9151,82.8096,90.4807,96.5065
4.78394e-310  ,40.3999,54.7111,72.3462,83.2261,90.8681,96.8622
4.78394e-310  ,40.3228,55.0795,72.7809,83.645,91.2572,97.2192
4.78394e-310  ,40.0949,55.454,73.2192,84.0662,91.6481,97.5778
4.78394e-310  ,39.7288,55.8348,73.6611,84.4898,92.0408,97.9378
4.78394e-310  ,39.2461,56.2217,74.1067,84.9158,92.4352,98.2992
4.78394e-310  ,38.6759,56.615,74.5559,85.3441,92.8314,98.6621
4.78394e-310  ,38.0538,57.0146,75.0086,85.7748,93.2293,99.0264
4.78394e-310  ,37.4189,57.4206,75.465,86.2079,93.629,99.392
4.78394e-310  ,36.8118,57.833,75.925,86.6432,94.0304,99.7591
4.78394e-310  ,36.2721,58.252,76.3887,87.0809,94.4335,100.128
4.78394e-310  ,35.8355,58.6774,76.8559,87.5209,94.8383,100.498
4.78394e-310  ,35.5316,59.1094,77.3267,87.9632,95.2449,100.869
4.78394e-310  ,35.3821,59.548,77.8011,88.4079,95.6531,101.241
4.78394e-310  ,35.3991,59.9933,78.2791,88.8548,96.063,101.615
4.78394e-310  ,35.5842,60.4453,78.7607,89.3039,96.4745,101.991
4.78394e-310  ,35.9282,60.9039,79.2458,89.7554,96.8877,102.367
4.78394e-310  ,36.4115,61.3694,79.7345,90.2091,97.3026,102.745
4.78394e-310  ,37.0055,61.8417,80.2268,90.665,97.7191,103.125
4.78394e-310  ,37.6737,62.3208,80.7227,91.1232,98.1372,103.505
4.78394e-310  ,38.3744,62.8068,81.2221,91.5836,98.5569,103.887
4.78394e-310  ,39.0631,63.2997,81.725,92.0462,98.9783,104.27
4.78394e-310  ,39.6952,63.7995,82.2315,92.5111,99.4012,104.655
4.78394e-310  ,40.229,64.3063,82.7415,92.9781,99.8258,105.041
4.78394e-310  ,40.6283,64.8201,83.255,93.4473,100.252,105.428
4.78394e-310  ,40.8651,65.3409,83.772,93.9186,100.68,105.816
4.78394e-310  ,40.9211,65.8688,84.2925,94.3921,101.109,106.205
4.78394e-310  ,40.7893,66.4037,84.8165,94.8678,101.54,106.596
4.78394e-310  ,40.4748,66.9458,85.3439,95.3456,101.972,106.988
4.78394e-310  ,39.9942,67.4949,85.8748,95.8255,102.406,107.381
4.78394e-310  ,39.3754,68.0512,86.4091,96.3075,102.841,107.776
4.78394e-310  ,38.6556,68.6146,86.9469,96.7916,103.278,108.171
4.78394e-310  ,37.8791,69.1852,87.4881,97.2778,103.716,108.568
4.78394e-310  ,37.095,69.763,88.0326,97.766,104.156,108.966
4.78394e-310  ,36.3534,70.3479,88.5806,98.2563,104.597,109.365
4.78394e-310  ,35.7033,70.9401,89.1319,98.7486,105.04,109.765
4.78394e-310  ,35.1883,71.5394,89.6865,99.243,105.484,110.166
4.78394e-310  ,34.8446,72.146,90.2445,99.7393,105.929,110.569
4.78394e-310  ,34.6979,72.7598,90.8058,100.238,106.376,110.972
4.78394e-310  ,34.762,73.3808,91.3704,100.738,106.824,111.377
4.78394e-310  ,35.0374,74.009,91.9382,101.24,107.274,111.783
4.78394e-310  ,35.5108,74.6445,92.5094,101.744,107.725,112.19
4.78394e-310  ,36.1563,75.2871,93.0837,102.251,108.178,112.598
4.78394e-310  ,36.9361,75.937,93.6613,102.759,108.631,113.007
4.78394e-310  ,37.803,76.5941,94.242,103.269,109.087,113.417
4.78394e-310  ,38.7029,77.2583,94.826,103.78,109.543,113.828
4.78394e-310  ,39.5786,77.9298,95.4131,104.294,110.001,114.24
4.78394e-310  ,40.373,78.6084,96.0033,104.81,110.46,114.653
4.78394e-310  ,41.0327,79.2941,96.5966,105.327,110.92,115.067
4.78394e-310  ,41.5117,79.987,97.193,105.846,111.382,115.482
4.78394e-310  ,41.7747,80.687,97.7924,106.367,111.845,115.898
4.78394e-310  ,41.7989,81.3942,98.3949,106.89,112.309,116.315
4.78394e-310  ,41.5768,82.1083,99.0004,107.414,112.774,116.733
4.78394e-310  ,41.1162,82.8295,99.6088,107.941,113.24,117.152
4.78394e-310  ,40.4405,83.5578,100.22,108.469,113.708,117.572
4.78394e-310  ,39.5877,84.293,100.835,108.998,114.177,117.993
4.78394e-310  ,38.6079,85.0351,101.452,109.53,114.647,118.415
4.78394e-310  ,37.5611,85.7842,102.072,110.063,115.118,118.837
4.78394e-310  ,36.5131,86.5402,102.695,110.597,115.59,119.261
4.78394e-310  ,35.5317,87.303,103.321,111.133,116.064,119.685
4.78394e-310  ,34.6825,88.0725,103.949,111.671,116.539,120.111
4.78394e-310  ,34.0244,88.8489,104.58,112.211,117.014,120.537
4.78394e-310  ,33.6059,89.6319,105.215,112.752,117.491,120.964
4.78394e-310  ,33.4614,90.4216,105.851,113.294,117.969,121.391
4.78394e-310  ,33.6089,91.218,106.491,113.838,118.448,121.82
4.78394e-310  ,34.0482,92.0208,107.133,114.384,118.927,122.249
4.78394e-310  ,34.7604,92.8302,107.777,114.931,119.408,122.68
4.78394e-310  ,35.7082,93.646,108.424,115.48,119.89,123.111
4.78394e-310  ,36.838,94.4682,109.074,116.03,120.373,123.542
4.78394e-310  ,38.0829,95.2967,109.726,116.581,120.857,123.975
4.78394e-310  ,39.3659,96.1315,110.381,117.134,121.342,124.408
4.78394e-310  ,40.6051,96.9725,111.038,117.688,121.828,124.842
4.78394e-310  ,41.7183,97.8196,111.697,118.243,122.314,125.277
4.78394e-310  ,42.6286,98.6728,112.359,118.8,122.802,125.712
4.78394e-310  ,43.269,99.5319,113.023,119.358,123.29,126.148
4.78394e-310  ,43.5874,100.397,113.69,119.918,123.78,126.585
4.78394e-310  ,43.5503,101.268,114.358,120.479,124.27,127.022
4.78394e-310  ,43.1459,102.144,115.029,121.041,124.761,127.46
4.78394e-310  ,42.3853,103.027,115.702,121.604,125.253,127.899
4.78394e-310  ,41.3031,103.915,116.377,122.168,125.746,128.338
4.78394e-310  ,39.956,104.808,117.055,122.734,126.239,128.778
4.78394e-310  ,38.4201,105.707,117.734,123.3,126.734,129.219
4.78394e-310  ,36.7872,106.611,118.415,123.868,127.229,129.66
4.78394e-310  ,35.1594,107.521,119.098,124.437,127.725,130.102
4.78394e-310  ,33.6434,108.435,119.784,125.007,128.221,130.544
4.78394e-310  ,32.3436,109.355,120.471,125.578,128.718,130.987
4.78394e-310  ,31.3559,110.279,121.16,126.15,129.216,131.43
4.78394e-310  ,30.761,111.209,121.85,126.723,129.715,131.874
4.78394e-310  ,30.6184,112.143,122.543,127.298,130.214,132.319
4.78394e-310  ,30.9621,113.082,123.237,127.873,130.714,132.764
4.78394e-310  ,31.7966,114.025,123.933,128.449,131.215,133.209
4.78394e-310  ,33.0952,114.973,124.631,129.025,131.716,133.655
4.78394e-310  ,34.8,115.925,125.33,129.603,132.218,134.101
4.78394e-310  ,36.8235,116.882,126.031,130.182,132.72,134.548
4.78394e-310  ,39.0528,117.842,126.733,130.761,133.223,134.995
4.78394e-310  ,41.3541,118.807,127.436,131.342,133.727,135.443
4.78394e-310  ,43.5805,119.775,128.142,131.923,134.231,135.891
4.78394e-310  ,45.5798,120.747,128.848,132.505,134.735,136.339
4.78394e-310  ,47.2032,121.723,129.556,133.087,135.24,136.788
4.78394e-310  ,48.3151,122.703,130.265,133.67,135.746,137.237
4.78394e-310  ,48.8019,123.685,130.975,134.254,136.252,137.687
4.78394e-310  ,48.5804,124.672,131.687,134.839,136.758,138.137
4.78394e-310  ,47.6054,125.661,132.4,135.424,137.265,138.587
4.78394e-310  ,45.8753,126.653,133.113,136.01,137.773,139.037
4.78394e-310  ,43.4356,127.649,133.828,136.597,138.28,139.488
4.78394e-310  ,40.3807,128.647,134.544,137.184,138.788,139.939
4.78394e-310  ,36.8527,129.648,135.261,137.771,139.297,140.391
4.78394e-310  ,33.038,130.651,135.979,138.359,139.805,140.842
4.78394e-310  ,29.1614,131.657,136.697,138.948,140.314,141.294
4.78394e-310  ,25.4779,132.665,137.417,139.537,140.824,141.746
4.78394e-310  ,22.2627,133.676,138.137,140.126,141.333,142.198
4.78394e-310  ,19.8,134.688,138.858,140.716,141.843,142.651
4.78394e-310  ,18.3699,135.702,139.579,141.306,142.353,143.104
4.78394e-310  ,18.2365,136.718,140.302,141.897,142.864,143.557
4.78394e-310  ,19.6344,137.736,141.024,142.487,143.374,144.01
4.78394e-310  ,22.7578,138.755,141.748,143.079,143.885,144.463
4.78394e-310  ,27.7499,139.776,142.472,143.67,144.396,144.916
4.78394e-310  ,34.6944,140.798,143.196,144.262,144.907,145.37
4.78394e-310  ,43.61,141.82,143.921,144.853,145.419,145.823
4.78394e-310  ,54.4471,142.844,144.646,145.445,145.93,146.277
4.78394e-310  ,67.0877,143.869,145.371,146.038,146.441,146.731
4.78394e-310  ,81.3479,144.894,146.096,146.63,146.953,147.184
4.78394e-310  ,96.9839,145.92,146.822,147.222,147.465,147.638
4.78394e-310  ,113.7,146.947,147.548,147.815,147.976,148.092
4.78394e-310  ,131.16,147.973,148.274,148.407,148.488,148.546
4.78394e-310  ,149,149,149,149,149,149
